<?xml version="1.0" encoding="UTF-8"?>
<beans
     xmlns:mvc="http://www.springframework.org/schema/mvc"    
     xmlns="http://www.springframework.org/schema/beans"
     xmlns:xsi="http://www.w3.org/2001/XMLSchema-instance"
     xmlns:tx="http://www.springframework.org/schema/tx"
     xmlns:context="http://www.springframework.org/schema/context"
     xsi:schemaLocation="
     http://www.springframework.org/schema/mvc http://www.springframework.org/schema/mvc/spring-mvc-3.0.xsd
     http://www.springframework.org/schema/context http://www.springframework.org/schema/context/spring-context-3.0.xsd
     http://www.springframework.org/schema/beans http://www.springframework.org/schema/beans/spring-beans-3.0.xsd
     http://www.springframework.org/schema/tx http://www.springframework.org/schema/tx/spring-tx-3.0.xsd">
     
    <!-- Application properties configure-->
	<bean id="applicationProperties" class="org.springframework.beans.factory.config.PropertyPlaceholderConfigurer">
	    <property name="location" value="WEB-INF/properties/jdbc.properties"/>
	</bean>

	<mvc:annotation-driven />

    <!-- enable transaction demarcation with annotations -->
    <tx:annotation-driven />

	<import resource="/spring/appServlet/servlet-context.xml" />
    <import resource="/spring/database.xml" />
    <import resource="/spring/root-context.xml"/>
    <import resource="/spring/rainbow-context.xml"/>

</beans>