<?xml version="1.0" encoding="UTF-8"?>
<beans xmlns="http://www.springframework.org/schema/beans"
       xmlns:xsi="http://www.w3.org/2001/XMLSchema-instance"
       xmlns:p="http://www.springframework.org/schema/p"
       xmlns:tx="http://www.springframework.org/schema/tx"
       xsi:schemaLocation="http://www.springframework.org/schema/beans 
                           http://www.springframework.org/schema/beans/spring-beans.xsd
                           http://www.springframework.org/schema/tx
                           http://www.springframework.org/schema/tx/spring-tx.xsd">
                           
  <tx:annotation-driven />     
	<bean id="mydataSource"
		class="org.springframework.jdbc.datasource.DriverManagerDataSource">
		<property name="driverClassName" value="${jdbdDriver}" />
		<property name="url" value="${jdbcUrl}" />
		<property name="username" value="${username}" />
		<property name="password" value="${password}" />
	</bean>

    <!-- transaction manager, use JtaTransactionManager for global tx -->
    <bean id="transactionManager" class="org.springframework.jdbc.datasource.DataSourceTransactionManager">
        <property name="dataSource" ref="mydataSource" />
    </bean>

    <!-- enable component scanning (beware that this does not enable mapper scanning!) -->    

<!-- 	<context:component-scan base-package="com.jpetstor.fw.taglib" /> -->
    <!-- enable autowire -->

    <!-- define the SqlSessionFactory -->
    <bean id="sqlSessionFactory" class="org.mybatis.spring.SqlSessionFactoryBean">
        <property name="dataSource" ref="mydataSource" />
        <property name="typeAliasesPackage" value="com.ironman.domain" />
        <property name="mapperLocations"  >
           <list>
              <value>classpath*:com/ironman/domain/entity/**/*.xml</value>
              <value>classpath*:com/ironman/domain/repository/**/*.xml</value>
              <value>classpath*:com/ironman/domain/service/**/*.xml</value>
           </list>
        </property>
    </bean>

    <!-- scan for mappers and let them be autowired -->
    <bean class="org.mybatis.spring.mapper.MapperScannerConfigurer">
        <property name="basePackage" value="com.ironman.domain.**.mapper" />
    </bean> 

</beans>
