<?xml version="1.0" encoding="UTF-8"?>
<beans xmlns="http://www.springframework.org/schema/beans"
       xmlns:xsi="http://www.w3.org/2001/XMLSchema-instance"
       xmlns:security="http://www.springframework.org/schema/security"
       xsi:schemaLocation="http://www.springframework.org/schema/beans
                           http://www.springframework.org/schema/beans/spring-beans.xsd
                           http://www.springframework.org/schema/security
                           http://www.springframework.org/schema/security/spring-security.xsd">
<!-- 
    <security:global-method-security secured-annotations="enabled" /> -->
    
    <security:http auto-config="true" use-expressions="true">
        <!-- Restrict URLs based on role -->
		<security:intercept-url pattern="/account/SignOn" access="permitAll"/>
		<security:intercept-url pattern="/order/Checkout" access="hasRole('ROLE_USER')"/>
 		<security:intercept-url pattern="/order1/*" access="hasRole('ROLE_USER')"/>

        <!-- Override default login and logout pages -->
        <security:form-login 
				login-page="/account/SignOn" 
				login-processing-url="/processLogin"
				authentication-failure-url="/account/SignOnError" 
				always-use-default-target="false"
				username-parameter="userId" password-parameter="passwd"
				default-target-url="/catalog"/>
				
      		<security:logout 
				invalidate-session="true" 
				logout-success-url="/home" 
				logout-url="/processLogout"/>
				
       <security:custom-filter ref="csrfFilter" before="LOGOUT_FILTER" />  <!-- (1) -->
       <security:session-management
         session-authentication-strategy-ref="sessionAuthenticationStrategy" >  <!-- (2) -->
       </security:session-management>
    </security:http>


	<!-- A custom service where Spring will retrieve users and their corresponding access levels  -->
	
 
	<security:authentication-manager>
	        <security:authentication-provider user-service-ref="customUserDetailsService">
	        		<security:password-encoder ref="passwordEncoder"/>
	        </security:authentication-provider>
	</security:authentication-manager>

    

<!--  登录成功后处理用定义
    <bean id="loginSuccessHandler" class="com.ironman.domain.security.AuthenticationSuccessListenerImpl">

	</bean> -->
	
	
   <bean id="passwordEncoder" class="org.springframework.security.crypto.bcrypt.BCryptPasswordEncoder">
	 <constructor-arg name="strength" value="11" />
   </bean>
  
   <bean id="csrfFilter" class="org.springframework.security.web.csrf.CsrfFilter">  <!-- (3) -->
     <constructor-arg index="0" ref="csrfTokenRepository" />  <!-- (4) -->
     <property name="accessDeniedHandler">
         <bean
             class="org.springframework.security.web.access.AccessDeniedHandlerImpl">  <!-- (5) -->
             <property name="errorPage"
                 value="/home/Error403" />  <!-- (6) -->
         </bean>
     </property>
 </bean>

 <bean id="csrfTokenRepository"
     class="org.springframework.security.web.csrf.HttpSessionCsrfTokenRepository" />  <!-- (7) -->

 <bean id="sessionAuthenticationStrategy"
     class="org.springframework.security.web.authentication.session.CompositeSessionAuthenticationStrategy"> <!-- (8) -->
     <constructor-arg index="0">
         <list>
             <!-- omitted -->
             <bean
                 class="org.springframework.security.web.csrf.CsrfAuthenticationStrategy">  <!-- (9) -->
                 <constructor-arg index="0"
                     ref="csrfTokenRepository" />  <!-- (10) -->
             </bean>
         </list>
     </constructor-arg>
 </bean>
 
  <bean id="requestDataValueProcessor"
     class="org.springframework.security.web.servlet.support.csrf.CsrfRequestDataValueProcessor"> <!-- (1)  -->
 </bean>
</beans>
         