<?xml version="1.0" encoding="UTF-8" ?>
<!DOCTYPE generatorConfiguration PUBLIC "-//mybatis.org//DTD MyBatis Generator Configuration 1.0//EN" "http://mybatis.org/dtd/mybatis-generator-config_1_0.dtd" >
<generatorConfiguration >
<!-- 指定数据连接驱动jar地址 -->  
<classPathEntry location="/Users/wanggang/.m2/repository/postgresql/postgresql/9.0-801.jdbc4/postgresql-9.0-801.jdbc4.jar" />
  <!-- 一个数据库一个context -->
  <context id="context1" >
    <!-- 注释 -->  
    <commentGenerator >  
        <property name="suppressAllComments" value="false"/><!-- 是否取消注释 -->  
        <property name="suppressDate" value="true" /> <!-- 是否生成注释代时间戳-->  
    </commentGenerator>  
	<!-- jdbc连接 --> 
    <jdbcConnection driverClass="org.postgresql.Driver" connectionURL="jdbc:postgresql://www.pikapica.com:5432/ironman" userId="postgres" password="postgres" />
    
           <!-- 类型转换 -->  
        <javaTypeResolver>  
            <!-- 是否使用bigDecimal， false可自动转化以下类型（Long, Integer, Short, etc.） -->  
            <property name="forceBigDecimals" value="false"/>  
        </javaTypeResolver>  
          
        <!-- 生成实体类地址 -->    
        <javaModelGenerator targetPackage="com.ironman.domain.generated.dto"  
            targetProject="/Users/wanggang/Documents/workspace_ironman/ironman/src/main/java" >  
            <!-- 是否在当前路径下新加一层schema  -->  
            <property name="enableSubPackages" value="false"/>  
            <!-- 是否针对string类型的字段在set的时候进行trim调用 -->  
            <property name="trimStrings" value="true"/>  
        </javaModelGenerator>  
          
        <!-- 生成mapxml文件 -->  
        <sqlMapGenerator targetPackage="com.ironman.domain.repository.sql"  
            targetProject="/Users/wanggang/Documents/workspace_ironman/ironman/src/main/java" >  
            <!-- 是否在当前路径下新加一层schema,eg：fase路径com.oop.eksp.user.model， true:com.oop.eksp.user.model.[schemaName] -->  
            <property name="enableSubPackages" value="false" />  
        </sqlMapGenerator>
          
        <!-- 生成mapxml对应client，也就是接口dao -->      
        <javaClientGenerator targetPackage="com.ironman.domain.repository.mapper"  
            targetProject="/Users/wanggang/Documents/workspace_ironman/ironman/src/main/java" type="XMLMAPPER" >  
            <!-- 是否在当前路径下新加一层schema,eg：fase路径com.oop.eksp.user.model， true:com.oop.eksp.user.model.[schemaName] -->  
            <property name="enableSubPackages" value="false" />  
        </javaClientGenerator>  
          
        <!-- 配置表信息 -->      
     <table schema="public" tableName="%"
            enableInsert="true"
            enableSelectByPrimaryKey="true"
            enableSelectByExample="true"
            enableUpdateByPrimaryKey="true"
            enableUpdateByExample="true"
            enableDeleteByPrimaryKey="true"
            enableDeleteByExample="true"
            enableCountByExample="true"
            selectByExampleQueryId="true"
            modelType="hierarchical">
    </table>
    
    
    <!-- <javaModelGenerator targetPackage="com.ironman.domain.repository" targetProject="ironman" />
    <sqlMapGenerator targetPackage="com.ironman.domain.repository.sql" targetProject="ironman" />
    <javaClientGenerator targetPackage="com.ironman.domain.repository.mapper" targetProject="ironman" type="XMLMAPPER" />
 
    <table schema="public" tableName="bookShelf" />
    <table schema="public" tableName="library" />
    <table schema="public" tableName="node" />
    <table schema="public" tableName="qr_code_mark" /> 
    
    <table schema="public" tableName="%"
            enableInsert="true"
            enableSelectByPrimaryKey="true"
            enableSelectByExample="true"
            enableUpdateByPrimaryKey="true"
            enableUpdateByExample="false"
            enableDeleteByPrimaryKey="true"
            enableDeleteByExample="false"
            enableCountByExample="false"
            selectByExampleQueryId="false"
            modelType="hierarchical">
    </table>-->
  </context>
</generatorConfiguration>